[{"jobID": "96dd4035-cd99-4fcc-a00d-2e7f70827f5d", "timestamp": "2023-10-18 17:21:12", "printer": "OMHPServiceClient", "filename": "Check.pdf", "username": "basherman@vasion.com", "status": "Pending"}, {"jobID": "991fa364-7d5e-49ad-8174-502259ec9f09", "timestamp": "2023-10-18 17:19:59", "printer": "TestPrinter", "filename": "Check.pdf", "username": "basherman@vasion.com", "status": "Pending"}, {"jobID": "3289a186-763f-4326-9a85-011721fcaed6", "timestamp": "2023-10-18 17:18:02", "printer": "TestPrinter", "filename": "Check.pdf", "username": "basherman@vasion.com", "status": "Pending"}, {"jobID": "42f98a8c-dc69-4ba3-8330-52ea0484efef", "timestamp": "2023-10-18 17:17:56", "printer": "TestPrinter", "filename": "Check.pdf", "username": "basherman@vasion.com", "status": "Pending"}, {"jobID": "1df478ab-4a2c-4ed1-84b7-62932a6e13e5", "timestamp": "2023-10-18 17:17:44", "printer": "TestPrinter", "filename": "Check.pdf", "username": "basherman@vasion.com", "status": "Pending"}, {"jobID": "b0d0a105-577a-4988-b3ef-dd09bc7cfcc3", "timestamp": "2023-10-18 17:05:02", "printer": "TestPrinter", "filename": "Check.pdf", "username": "basherman@vasion.com", "status": "Pending"}, {"jobID": "379dbf1a-cf51-471e-a874-e60c760198b3", "timestamp": "2023-10-18 17:02:56", "printer": "TestPrinter", "filename": "OMPublic.pdf", "username": "basherman@vasion.com", "status": "Pending"}, {"jobID": "b9a3acc1-d079-4ead-bead-67e3c8da2a5f", "timestamp": "2023-10-18 17:00:09", "printer": "TestPrinter", "filename": "Check.pdf", "username": "basherman@vasion.com", "status": "Pending"}, {"jobID": "ce59c58a-8b7c-4f5c-a7f9-0a54543e67b1", "timestamp": "2023-10-18 16:58:46", "printer": "TestPrinter", "filename": "Check.pdf", "username": "basherman@vasion.com", "status": "Pending"}, {"jobID": "90f0c134-8e4d-4ca2-967f-f522a21b0d35", "timestamp": "2023-10-18 16:57:57", "printer": "TestPrinter", "filename": "Check.pdf", "username": "basherman@vasion.com", "status": "Pending"}, {"jobID": "8b056220-bf1a-40c7-93ea-35e6c497b020", "timestamp": "2023-10-18 16:54:53", "printer": "TestPrinter", "filename": "Check.pdf", "username": "basherman@vasion.com", "status": "Pending"}, {"jobID": "96f91d01-7e98-4b79-a6b3-adea28f519c3", "timestamp": "2023-10-18 16:54:22", "printer": "TestPrinter", "filename": "Check.pdf", "username": "basherman@vasion.com", "status": "Pending"}, {"jobID": "51087e6c-ed22-45dd-b707-a417da3d380f", "timestamp": "2023-10-18 16:54:03", "printer": "TestPrinter", "filename": "Check.pdf", "username": "basherman@vasion.com", "status": "Pending"}, {"jobID": "2a2a39d0-67be-4e4e-8aac-b8759cffab15", "timestamp": "2023-10-18 16:52:24", "printer": "TestPrinter", "filename": "Check.pdf", "username": "basherman@vasion.com", "status": "Pending"}, {"jobID": "739d9dab-c5cd-49a5-9bb8-6fff9ccf2349", "timestamp": "2023-10-18 16:48:56", "printer": "TestPrinter", "filename": "Check.pdf", "username": "basherman@vasion.com", "status": "Pending"}, {"jobID": "5f2f9f81-b661-457e-8690-1f66949f0b14", "timestamp": "2023-10-18 16:46:43", "printer": "TestPrinter", "filename": "Check.pdf", "username": "basherman@vasion.com", "status": "Pending"}, {"jobID": "fbd610f6-d4f1-4ff8-ad51-6baf5aa7be17", "timestamp": "2023-10-18 16:45:49", "printer": "TestPrinter", "filename": "Check.pdf", "username": "basherman@vasion.com", "status": "Pending"}, {"jobID": "086a7521-2103-436a-a62f-b7a6932d0278", "timestamp": "2023-10-18 16:45:46", "printer": "TestPrinter", "filename": "Check.pdf", "username": "basherman@vasion.com", "status": "Pending"}, {"jobID": "afbb2631-c2e3-4007-af8f-29ac08d20a44", "timestamp": "2023-10-18 16:45:43", "printer": "OMHPServiceClient", "filename": "Check.pdf", "username": "basherman@vasion.com", "status": "Pending"}, {"jobID": "6f1253a9-311a-41ac-a24b-85a6ee0df252", "timestamp": "2023-10-18 16:45:15", "printer": "TestPrinter", "filename": "Check.pdf", "username": "basherman@vasion.com", "status": "Pending"}]